"C","ZK14","Zadavat.zakázky"
"R","ZK14","Заказчик"
"C","ZK15","Zadavat.zakázky"
"R","ZK15","Заказчик"
"C","ZK16","Zadavat.zakázky"
"R","ZK16","Заказчик"
"R","ZK17","Заказчик"
"C","ZK17","Zadavat.zakázky"
"R","ZK18","Заказчик"
"C","ZK18","Zadavat.zakázky"
"K","0003","Betaler"
"R","ZK19","Заказчик"
"C","ZK19","Zadavat.zakázky"
"K","0004","Fakturamodtager"
"R","ZK20","Заказчик"
"C","ZK20","Zadavat.zakázky"
"K","0005","Interessent"
"R","ZK21","Заказчик"
"C","ZK21","Zadavat.zakázky"
"K","0006","Konkurrent"
"R","ZK22","Заказчик"
"K","0007","SD-partner"
"R","ZK23","Заказчик"
"C","ZK22","Zadavat.zakázky"
"K","0012","Hierarkiknude"
"C","ZK23","Zadavat.zakázky"
"R","ZK24","Заказчик"
"K","0100","Distributionscentral"
"R","ZK25","Заказчик"
"C","ZK24","Zadavat.zakázky"
"K","0110","Filial uden intern afregn."
"R","ZK26","Заказчик"
"C","ZK25","Zadavat.zakázky"
"R","ZK27","Заказчик"
"K","0120","Filial med intern afregn."
"C","ZK26","Zadavat.zakázky"
"R","ZK28","Заказчик"
"K","0130","Filial med ekstern afregn."
"C","ZK27","Zadavat.zakázky"
"R","ZK29","Заказчик"
"C","ZK28","Zadavat.zakázky"
"K","0140","Sortiment\, forældet\, anv. ej"
"R","ZK30","Заказчик"
"K","0150","Franchisetager"
"C","ZK29","Zadavat.zakázky"
"R","ZMDM","Customers - MDM only !"
"K","0160","Engroskunde"
"1","0001","订货方"
"C","ZK30","Zadavat.zakázky"
"K","0170","Forbruger"
"R","ZMX1","Дебиторы в стране (Мексика)"
"D","0001","Auftraggeber"
"1","0002","收货方"
"K","3500","Ordregiver"
"D","0002","Warenempfänger"
"R","ZPHH","Hospitals - Pharma Clin Trials"
"1","0003","付款人"
"K","CPB1","Ordregiver"
"D","0003","Regulierer"
"R","ZPOS","POS / Outlet"
"1","0004","团体的票据"
"K","CPB2","Ordregiver"
"R","ZSP1","Заказчик"
"D","0004","Rechnungsempfänger"
"1","0005","预期的客户"
"K","CPD","KpD-debitorer (int. nrTildel.)"
"D","0005","Interessent"
"1","0006","竟争对手"
"K","CPDA","KpD-debitorer (ekst.NrTildel.)"
"D","0006","Wettbewerber"
"1","0007","销售合作伙伴"
"D","0007","Vertriebspartner"
"K","DEBI","Debitor generelt"
"1","0012","等级结构中的节点"
"K","J100","KpD-debitorer (int. nrTildel.)"
"1","0099","OTA"
"D","0012","Hierarchieknoten"
"K","KUNA","Debitorer (eks. nrTildel.)"
"1","0100","分销中心"
"D","0099","CPD"
"K","T100","Ordregiver"
"1","0110","分公司是否公司间开票"
"K","TM1","Ordregiver"
"D","0100","Verteilzentrum"
"S","0001","Solicitantes"
"1","0120","分公司公司间开票"
"D","0110","Filiale ohne interne Verr."
"S","0002","Dest.mercancías"
"K","TM2","KpD-debitorer (ekst.NrTildel.)"
"1","0130","分公司外部开票"
"S","0003","Pagador"
"D","0120","Filiale mit interner Verr."
"K","VVD","Debitor TR-LO"
"S","0004","Receptores de factura"
"D","0130","Filiale mit externer Verr."
"1","0140","分类 (过时的\,不要使用"
"K","Z001","Ordregiver"
"S","0005","Interesados"
"K","Z003","Betaler"
"D","0140","Sortimentsträger"
"S","0006","Competidores"
"K","Z100","Ordregiver"
"D","0150","Franchisenehmer"
"1","0150","免责"
"K","ZFSC","Ordregiver"
"S","0007","Empresas colaboradoras com."
"D","0160","Großhandelskunde"
"1","0160","批发客户"
"L","0001","Zleceniodawca"
"S","0012","Nodos jerárquicos"
"D","0170","Konsument"
"S","0099","CPD"
"L","0002","Odbiorca materiałów"
"1","0170","消费者"
"D","3500","Auftraggeber FI-CAX"
"S","0100","Ctro.distrib."
"L","0003","Płatnik"
"D","BR01","Kontengruppe BR01"
"1","3500","订货方"
"S","0110","Subsidiaria sin compens.int."
"L","0004","Odbiorca faktury"
"D","BR02","Kontengruppe BR02"
"L","0005","Interesant"
"S","0120","Subsidiaria con compens.int."
"1","BR01","National  Brazilian Customer"
"L","0006","Konkurent"
"S","0130","Subsidiaria con compens.ext."
"L","0007","Partner handlowy"
"S","0140","Propietario de surtido"
"L","0012","Węzeł hierarchii"
"1","BR02","Internacional brazilian Custom"
"S","0150","Franquiciado"
"L","0100","Centrum dystrybucji"
"S","0160","Cliente al por mayor"
"1","CPB1","订货方"
"L","0110","Filia bez wewn. rozlicz."
"D","CPB1","CPB1-Auftraggeber"
"S","0170","Consumidor final"
"L","0120","Filia z wewn. rozliczeniem"
"D","CPB2","CPB2-Auftraggeber"
"S","3500","Solicitantes"
"1","CPB2","订货方"
"L","0130","Filia z zewn. rozliczeniem"
"D","CPD","CPD-Debitoren"
"S","BR01","National  Brazilian Customer"
"1","CPD","一次性消费者"
"D","CPDA","CPD-Kunde"
"L","0140","Asortyment\, nieakt.\,niewykorz."
"S","BR02","Internacional brazilian Custom"
"D","CUST","Kunden"
"L","0150","Odbiorca franchise"
"S","CPB1","Solicitantes"
"1","CPDA","一次性消费者"
"D","DEBI","Debitor Treasury"
"L","0160","Odbiorca hurtowy"
"S","CPB2","Solicitantes"
"S","CPD","Deudores CPD"
"L","0170","Konsument"
"D","J100","CPD-Debitoren"
"1","CUST","Customers"
"S","CPDA","Clientes CPD"
"L","3500","Zleceniodawca"
"D","KUNA","Debitor allgemein"
"1","DEBI","客户(一般)"
"S","CUST","Clientes"
"L","CPB1","Zleceniodawca"
"D","LCMS","Kunde (Portal Rolle)\, Minimal"
"S","DEBI","Deudor Tesorería"
"L","CPB2","Zleceniodawca"
"1","J100","一次性消费者"
"S","J100","Deudores CPD"
"D","LCMX","Kunde (Portal Rolle)\, Maximal"
"L","CPD","Odb. CpD (wewn. nadan. num.)"
"S","KUNA","Deudores general"
"1","KUNA","一般客户"
"D","PLNT","Debitor-Intern"
"L","CPDA","Odb. CpD (zewn. nadan. num.)"
"S","LCMS","Customer(Portal Role)\, Minimal"
"D","RE","Debitor Real Estate"
"L","DEBI","Odbiorca - ogólnie"
"D","T100","Auftraggeber"
"1","LCMS","Customer(Portal Role)\, Minimal"
"S","LCMX","Customer (Portal Role)\, Maxim."
"L","J100","Odb. CpD (wewn. nadan. num.)"
"D","TM1","Auftraggeber"
"S","PLNT","Deudor interno"
"D","TM2","CPD-Kunde"
"S","RE","Deudor Bienes Inmuebles"
"L","KUNA","Odbiorca (zewn. nadan. num.)"
"1","LCMX","Customer (Portal Role)\, Maxim."
"L","T100","Zleceniodawca"
"D","VVD","Debitor IS-IS Darlehen"
"S","T100","Solicitantes"
"L","TM1","Zleceniodawca"
"S","TM1","Solicitantes"
"D","Z001","Auftraggeber"
"S","TM2","Clientes CPD"
"L","TM2","Odb. CpD (zewn. nadan. num.)"
"D","Z003","Regulierer"
"1","PLNT","customer belonging to group"
"S","VVD","Deudor IS-IS préstamos"
"L","VVD","Odbiorca TR-LO"
"D","Z100","Auftraggeber"
"S","X100","Customer-Closing"
"1","RE","Real Estate customer"
"L","Z001","Zleceniodawca"
"D","ZAG1","Auftraggeber R/3 ---> CRM"
"S","Z001","Solicitantes"
"L","Z003","Płatnik"
"D","ZAG2","Auftraggeber CRM ---> R/3"
"1","T100","订货方"
"S","Z003","Pagador"
"D","ZAPO","ZAPO-Auftraggeber"
"L","Z100","Zleceniodawca"
"1","TM1","订货方"
"D","ZARG","ZARG-Auftraggeber"
"L","ZFSC","Zleceniodawca"
"D","ZCPG","Verkaufsfiliale"
"1","TM2","一次性消费者"
"L","ZK01","Zleceniodawca"
"D","ZCRM","CRM B2C / NICHT VERWENDEN"
"L","ZK02","Zleceniodawca"
"1","VVD","TR-LO 客户"
"D","ZFSC","Kontengruppe FSCM"
"L","ZK03","Zleceniodawca"
"D","ZHOS","Kontengruppe ZHOS"
"L","ZK04","Zleceniodawca"
"1","X100","Customer-Closing"
"D","ZINT","Neukunde via Internet"
"L","ZK05","Zleceniodawca"
"1","Z001","订货方"
"L","ZK06","Zleceniodawca"
"D","ZK01","Auftraggeber Gruppe 01"
"L","ZK07","Zleceniodawca"
"1","Z003","付款人"
"D","ZK02","Auftraggeber Gruppe 02"
"L","ZK08","Zleceniodawca"
"D","ZK03","Auftraggeber Gruppe 03"
"1","Z100","订货方"
"L","ZK09","Zleceniodawca"
"S","Z100","Solicitantes"
"D","ZK04","Auftraggeber Gruppe 04"
"L","ZK10","Zleceniodawca"
"1","ZAG1"," Sold-to party R/3 ---> CRM"
"L","ZK11","Zleceniodawca"
"S","ZAG1","CRM B2C / NO UTILIZAR"
"D","ZK05","Auftraggeber Gruppe 05"
"L","ZK12","Zleceniodawca"
"S","ZAG2","CRM B2C / NO UTILIZAR"
"D","ZK06","Auftraggeber Gruppe 06"
"L","ZK13","Zleceniodawca"
"S","ZAPO","Solicitantes"
"1","ZAG2"," Sold-to party CRM ---> R/3"
"D","ZK07","Auftraggeber Gruppe 07"
"L","ZK14","Zleceniodawca"
"S","ZARG","Solicitantes Loc (Argentina)"
"D","ZK08","Auftraggeber Gruppe 08"
"L","ZK15","Zleceniodawca"
"S","ZCPG","CRM B2C / NO UTILIZAR"
"1","ZAPO","Sold-to party (APO Customers)"
"D","ZK09","Auftraggeber Gruppe 09"
"L","ZK16","Zleceniodawca"
"S","ZCRM","CRM B2C / NO UTILIZAR"
"L","ZK17","Zleceniodawca"
"D","ZK10","Auftraggeber Gruppe 10"
"1","ZARG","Sold-to party"
"S","ZFSC","Solicitantes"
"L","ZK18","Zleceniodawca"
"D","ZK11","Auftraggeber Gruppe 11"
"S","ZHOS","Hospitals for Clin.Trials"
"L","ZK19","Zleceniodawca"
"1","ZCPG","Store"
"D","ZK12","Auftraggeber Gruppe 12"
"L","ZK20","Zleceniodawca"
"S","ZINT","Cliente nuevo vía Internet"
"L","ZK21","Zleceniodawca"
"D","ZK13","Auftraggeber Gruppe 13"
"S","ZK01","Solicitantes"
"1","ZCRM","CRM B2C/ DO NOT USE !"
"L","ZK22","Zleceniodawca"
"S","ZK02","Solicitantes"
"D","ZK14","Auftraggeber Gruppe 14"
"L","ZK23","Zleceniodawca"
"S","ZK03","Solicitantes"
"1","ZFSC","订货方"
"D","ZK15","Auftraggeber Gruppe 15"
"L","ZK24","Zleceniodawca"
"S","ZK04","Solicitantes"
"L","ZK25","Zleceniodawca"
"D","ZK16","Auftraggeber Gruppe 16"
"S","ZK05","Solicitantes"
"1","ZHOS","Hospitals for Clin.Trials"
"L","ZK26","Zleceniodawca"
"D","ZK17","Auftraggeber Gruppe 17"
"S","ZK06","Solicitantes"
"L","ZK27","Zleceniodawca"
"1","ZINT","New customer via Internet"
"D","ZK18","Auftraggeber Gruppe 18"
"S","ZK07","Solicitantes"
"L","ZK28","Zleceniodawca"
"S","ZK08","Solicitantes"
"D","ZK19","Auftraggeber Gruppe 19"
"L","ZK29","Zleceniodawca"
"1","ZK01","订货方"
"S","ZK09","Solicitantes"
"L","ZK30","Zleceniodawca"
"D","ZK20","Auftraggeber Gruppe 20"
"S","ZK10","Solicitantes"
"M","0001","買方"
"1","ZK02","订货方"
"D","ZK21","Auftraggeber Gruppe 21"
"M","0002","收貨人"
"S","ZK11","Solicitantes"
"D","ZK22","Auftraggeber Gruppe 22"
"1","ZK03","订货方"
"M","0003","付款人"
"S","ZK12","Solicitantes"
"D","ZK23","Auftraggeber Gruppe 23"
"M","0004","發票收受人"
"S","ZK13","Solicitantes"
"1","ZK04","订货方"
"D","ZK24","Auftraggeber Gruppe 24"
"M","0005","可能的客戶"
"S","ZK14","Solicitantes"
"M","0006","競爭者"
"D","ZK25","Auftraggeber Gruppe 25"
"1","ZK05","订货方"
"S","ZK15","Solicitantes"
"M","0007","銷售夥伴"
"D","ZK26","Auftraggeber Gruppe 26"
"M","0012","階層節點"
"1","ZK06","订货方"
"S","ZK16","Solicitantes"
"D","ZK27","Auftraggeber Gruppe 27"
"M","0100","配銷中心"
"S","ZK17","Solicitantes"
"D","ZK28","Auftraggeber Gruppe 28"
"1","ZK07","订货方"
"M","0110","無公司間開立發票的分公司"
"S","ZK18","Solicitantes"
"D","ZK29","Auftraggeber Gruppe 29"
"1","ZK08","订货方"
"S","ZK19","Solicitantes"
"M","0120","有公司間開立發票的分公司"
"D","ZK30","Auftraggeber Gruppe 30"
"S","ZK20","Solicitantes"
"1","ZK09","订货方"
"M","0130","有外部開立發票的分行"
"D","ZMDM","Debitoren - MDM only !"
"S","ZK21","Solicitantes"
"D","ZMX1","Debitoren Inland (Mexiko)"
"M","0140","鋪貨（已廢止，勿使用）"
"1","ZK10","订货方"
"S","ZK22","Solicitantes"
"M","0150","加盟店"
"D","ZPHH","Kontengruppe ZPHH"
"S","ZK23","Solicitantes"
"M","0160","批發客戶"
"1","ZK11","订货方"
"D","ZPOS","POS / Outlet"
"S","ZK24","Solicitantes"
"M","0170","消費者"
"D","ZSP1","Kontengruppe ZSP1"
"S","ZK25","Solicitantes"
"M","3500","買方"
"1","ZK12","订货方"
"E","0001","Sold-to party - 0001"
"S","ZK26","Solicitantes"
"M","CPB1","買方"
"1","ZK13","订货方"
"S","ZK27","Solicitantes"
"M","CPB2","買方"
"E","0002","Goods recipient"
"E","0003","Payer"
"S","ZK28","Solicitantes"
"1","ZK14","订货方"
"M","CPD","一次性客戶（內部號碼指派）"
"E","0004","Bill-to party"
"S","ZK29","Solicitantes"
"M","CPDA","一次性客戶（外部號碼指派）"
"1","ZK15","订货方"
"S","ZK30","Solicitantes"
"E","0005","Prospective customer"
"M","DEBI","客戶（一般）"
"E","0006","Competitor"
"S","ZMDM","CRM B2C / NO UTILIZAR"
"1","ZK16","订货方"
"M","J100","一次性客戶（內部號碼指派）"
"S","ZMX1","Deudores nacionales (México)"
"E","0007","Sales partner"
"1","ZK17","订货方"
"M","KUNA","一般客戶（外部號碼指派）"
"S","ZPHH","Hospitals - Pharma Clin Trials"
"E","0012","Hierarchy node"
"M","T100","買方"
"S","ZPOS","POS / Outlet"
"1","ZK18","订货方"
"M","TM1","買方"
"E","0099","OTA"
"S","ZSP1","Solicitantes"
"E","0100","Distribution center"
"M","TM2","一次性客戶（外部號碼指派）"
"1","ZK19","订货方"
"T","0001","Sipariş veren"
"M","VVD","TR-LO 客戶"
"E","0110","Branch w/o intercomp.billing"
"T","0002","Malı teslim alan"
"M","Z001","買方"
"1","ZK20","订货方"
"T","0003","Ödeyen"
"M","Z003","付款人"
"E","0120","Branch with intercomp.billing"
"T","0004","Fatura alıcısı"
"1","ZK21","订货方"
"M","Z100","買方"
"T","0005","İlgili taraf"
"M","ZFSC","買方"
"E","0130","Branch with external billing"
"1","ZK22","订货方"
"T","0006","Rakip"
"M","ZK01","買方"
"E","0140","Assortment owners"
"M","ZK02","買方"
"T","0007","Satış muhatabı"
"E","0150","Franchisee"
"M","ZK03","買方"
"T","0012","Hiyerarşi düğümleri"
"E","0160","Wholesale customer"
"M","ZK04","買方"
"T","0100","Dağıtım merkezi"
"E","0170","Consumer"
"1","ZK23","订货方"
"M","ZK05","買方"
"T","0110","Şube(dahili mhsp.olmadan)"
"M","ZK06","買方"
"E","3500","Sold-to party - FI-CAX"
"1","ZK24","订货方"
"M","ZK07","買方"
"T","0120","Şube (dahili mhsp.ile)"
"M","ZK08","買方"
"E","BR01","National  Brazilian Customer"
"T","0130","Şube (harici mhsp.ile)"
"1","ZK25","订货方"
"M","ZK09","買方"
"E","BR02","Internacional brazilian Custom"
"M","ZK10","買方"
"T","0140","Ürün ylp.(eskimiş\,kullanmayın)"
"1","ZK26","订货方"
"M","ZK11","買方"
"E","CPB1","Sold-to party (Beverage)"
"T","0150","İmtiyaz sahibi"
"M","ZK12","買方"
"E","CPB2","DSD Driver"
"1","ZK27","订货方"
"T","0160","Toptancı müşteri"
"M","ZK13","買方"
"E","CPD","One-time customers"
"T","0170","Tüketici"
"M","ZK14","買方"
"1","ZK28","订货方"
"T","3500","Sipariş veren"
"E","CPDA","One-time customer"
"M","ZK15","買方"
"E","CUST","Customers"
"T","CPB1","Sipariş veren"
"M","ZK16","買方"
"1","ZK29","订货方"
"T","CPB2","Sipariş veren"
"E","DEBI","Treasury customer"
"M","ZK17","買方"
"1","ZK30","订货方"
"M","ZK18","買方"
"E","J100","One-time customers"
"T","CPD","Arızi müşteriler(sis.i.no.tyn)"
"M","ZK19","買方"
"E","KUNA","General customers"
"T","CPDA","Arızî müşteri (sis.dş.no.tyn.)"
"M","ZK20","買方"
"1","ZMDM","Customers - MDM only !"
"M","ZK21","買方"
"T","DEBI","Müşteriler (genel)"
"E","LCMS","Customer(Portal Role)\, Minimal"
"M","ZK22","買方"
"T","J100","Arızi müşteriler(sis.i.no.tyn)"
"1","ZMX1","Domestic customers (Mexico)"
"M","ZK23","買方"
"E","LCMX","Customer (Portal Role)\, Maxim."
"M","ZK24","買方"
"T","KUNA","Müşteriler (sis.dışı no.tyn.)"
"E","PLNT","customer belonging to group"
"M","ZK25","買方"
"T","T100","Sipariş veren"
"1","ZPHH","Hospitals - Pharma Clin Trials"
"M","ZK26","買方"
"E","RE","Real Estate customer"
"T","TM1","Sipariş veren"
"M","ZK27","買方"
"E","T100","Customer"
"1","ZPOS","POS / Outlet"
"M","ZK28","買方"
"T","TM2","Arızî müşteri (sis.dş.no.tyn.)"
"M","ZK29","買方"
"E","TM1","TM: Customer Account Group"
"T","VVD","Müşteri - TR-LO"
"M","ZK30","買方"
"1","ZSP1","Sold-to party"
"T","Z001","Sipariş veren"
"E","TM2","TM: One-time cust. (ext.no.)"
"N","0001","Opdrachtgever"
"T","Z003","Ödeyen"
"E","VVD","Customer IS-IS loan"
"N","0002","Goederenontvanger"
"T","Z100","Sipariş veren"
"2","0001","ผู้สั่งซื้อ"
"E","X100","Customer-Closing"
"N","0003","Betaler"
"T","ZFSC","Sipariş veren"
"E","XLSO","XLSO Account Group"
"N","0004","Factuurontvanger"
"T","ZK01","Sipariş veren"
"N","0005","Geïnteresseerde"
"T","ZK02","Sipariş veren"
"E","Z001","Cr Mgmt - Sold-to party - 0001"
"2","0002","ผู้รับสินค้า"
"N","0006","Concurrent"
"T","ZK03","Sipariş veren"
"E","Z003","Cr Mgmt - Payer"
"N","0007","Verkooppartner"
"T","ZK04","Sipariş veren"
"N","0012","Hiërarchieknooppunt"
"E","Z100","CustomerOutsideOfTheCountry"
"2","0003","ผู้ชำระเงิน"
"T","ZK05","Sipariş veren"
"N","0100","Distributiecentrum"
"T","ZK06","Sipariş veren"
"E","ZAG1"," Sold-to party R/3 ---> CRM"
"T","ZK07","Sipariş veren"
"N","0110","Filiaal zonder interne verr."
"E","ZAG2"," Sold-to party CRM ---> R/3"
"2","0004","ผู้รับบิล"
"T","ZK08","Sipariş veren"
"N","0120","Filiaal met interne verr."
"E","ZAPO","Sold-to party (APO Customers)"
"T","ZK09","Sipariş veren"
"N","0130","Filiaal met externe verr."
"T","ZK10","Sipariş veren"
"E","ZARG","Sold-to party"
"2","0005","ลูกค้ากลุ่มเป้าหมาย"
"N","0140","Assort.\, verouderd\, niet gebr."
"T","ZK11","Sipariş veren"
"E","ZCPG","Store"
"N","0150","Franchise-nemer"
"T","ZK12","Sipariş veren"
"E","ZCRM","CRM B2C/ DO NOT USE !"
"2","0006","คู่แข่ง"
"N","0160","Groothandelsklant"
"T","ZK13","Sipariş veren"
"E","ZFSC","Sold-to party - ZFSC"
"N","0170","Consument"
"T","ZK14","Sipariş veren"
"E","ZHOS","Hospitals for Clin.Trials"
"N","3500","Opdrachtgever"
"2","0007","คู่ค้าทางการขาย"
"T","ZK15","Sipariş veren"
"E","ZINT","New customer via Internet"
"N","CPB1","Opdrachtgever"
"T","ZK16","Sipariş veren"
"E","ZK01","Sold-to party 01"
"N","CPB2","Opdrachtgever"
"T","ZK17","Sipariş veren"
"2","0012","โหนดลำดับชั้น"
"N","CPD","CPD-deb. (int. nr.toekenning)"
"E","ZK02","Sold-to party 02"
"T","ZK18","Sipariş veren"
"T","ZK19","Sipariş veren"
"E","ZK03","Sold-to party 03"
"N","CPDA","CPD-deb. (ext. nr.toekenning)"
"2","0100","ศูนย์กระจายสินค้า"
"T","ZK20","Sipariş veren"
"E","ZK04","Sold-to party 04"
"N","DEBI","Debiteur (algemeen)"
"T","ZK21","Sipariş veren"
"E","ZK05","Sold-to party 05"
"N","J100","CPD-deb. (int. nr.toekenning)"
"T","ZK22","Sipariş veren"
"N","KUNA","Debiteur (algemeen)"
"T","ZK23","Sipariş veren"
"E","ZK06","Sold-to party 06"
"2","0110","สาขาที่ไม่มีการวางบิลระหว่างบ."
"N","T100","Opdrachtgever"
"T","ZK24","Sipariş veren"
"E","ZK07","Sold-to party 07"
"N","TM1","Opdrachtgever"
"E","ZK08","Sold-to party 08"
"T","ZK25","Sipariş veren"
"N","TM2","CPD-deb. (ext. nr.toekenning)"
"T","ZK26","Sipariş veren"
"N","VVD","Debiteur TR-LO"
"2","0120","สาขาที่มีการวางบิลระหว่างบ."
"E","ZK09","Sold-to party 09"
"T","ZK27","Sipariş veren"
"N","Z001","Opdrachtgever"
"E","ZK10","Sold-to party 10"
"N","Z003","Betaler"
"T","ZK28","Sipariş veren"
"E","ZK11","Sold-to party 11"
"N","Z100","Opdrachtgever"
"T","ZK29","Sipariş veren"
"2","0130","สาขาที่มีการวางบิลจากภายนอก"
"E","ZK12","Sold-to party 12"
"N","ZFSC","Opdrachtgever"
"T","ZK30","Sipariş veren"
"N","ZK01","Opdrachtgever"
"E","ZK13","Sold-to party 13"
"U","0001","Toimeksiantaja"
"N","ZK02","Opdrachtgever"
"E","ZK14","Sold-to party 14"
"U","0002","Toimitusasiakas"
"N","ZK03","Opdrachtgever"
"E","ZK15","Sold-to party 15"
"N","ZK04","Opdrachtgever"
"2","0140","การเลือกสรร(ล้าสมัย\,ไม่ใช้"
"U","0003","Maksaja"
"E","ZK16","Sold-to party 16"
"N","ZK05","Opdrachtgever"
"E","ZK17","Sold-to party 17"
"N","ZK06","Opdrachtgever"
"U","0004","Laskutusasiakas"
"E","ZK18","Sold-to party 18"
"2","0150","ผู้รับเฟรนไชน์"
"N","ZK07","Opdrachtgever"
"N","ZK08","Opdrachtgever"
"E","ZK19","Sold-to party 19"
"U","0005","Kiinnostunut osapuoli"
"N","ZK09","Opdrachtgever"
"E","ZK20","Sold-to party 20"
"U","0006","Kilpailija"
"2","0160","ลูกค้ารายใหญ่"
"N","ZK10","Opdrachtgever"
"E","ZK21","Sold-to party 21"
"U","0007","Myyntikumppani"
"N","ZK11","Opdrachtgever"
"E","ZK22","Sold-to party 22"
"N","ZK12","Opdrachtgever"
"U","0012","Hierarkiasolmu"
"2","0170","ผู้บริโภค"
"E","ZK23","Sold-to party 23"
"N","ZK13","Opdrachtgever"
"U","0100","Jakelukeskus"
"E","ZK24","Sold-to party 24"
"N","ZK14","Opdrachtgever"
"U","0110","Sivuliike ilman sis. selvit."
"E","ZK25","Sold-to party 25"
"N","ZK15","Opdrachtgever"
"2","3500","ผู้สั่งซื้อ"
"U","0120","Sivuliike\, jossa sis. selvitys"
"E","ZK26","Sold-to party 26"
"N","ZK16","Opdrachtgever"
"N","ZK17","Opdrachtgever"
"E","ZK27","Sold-to party 27"
"U","0130","Sivuliike\, jossa ulk. selvitys"
"2","CPD","ลูกค้าขาจร(กำหนดเลขที่โดยระบบ)"
"N","ZK18","Opdrachtgever"
"E","ZK28","Sold-to party 28"
"U","0140","Valikoima\, vanha\, älä käytä"
"N","ZK19","Opdrachtgever"
"E","ZK29","Sold-to party 29"
"N","ZK20","Opdrachtgever"
"U","0150","Franchise-ottaja"
"2","CPDA","ลูกค้าขาจร (กำหนดเลขที่เอง)"
"E","ZK30","Sold-to party 30"
"N","ZK21","Opdrachtgever"
"U","0160","Tukkuasiakas"
"E","ZMDM","Customers - MDM only !"
"N","ZK22","Opdrachtgever"
"2","DEBI","ลูกค้า (ทั่วไป)"
"U","0170","Kuluttaja"
"N","ZK23","Opdrachtgever"
"U","3500","Toimeksiantaja"
"E","ZMX1","Domestic customers (Mexico)"
"N","ZK24","Opdrachtgever"
"U","CPD","Kerta-asiakkaat (sis. numer.)"
"2","J100","ลูกค้าขาจร(กำหนดเลขที่โดยระบบ)"
"N","ZK25","Opdrachtgever"
"E","ZPHH","Hospitals - Pharma Clin Trials"
"N","ZK26","Opdrachtgever"
"U","CPDA","Kerta-asiakkaat (ulk. numer.)"
"E","ZPOS","POS / Outlet"
"U","DEBI","Asiakkaat yleensä"
"N","ZK27","Opdrachtgever"
"E","ZSP1","Sold-to party"
"2","KUNA","ลูกค้า (กำหนดเลขที่โดยผู้ใช้)"
"N","ZK28","Opdrachtgever"
"F","0001","Donneur d'ordre"
"U","J100","Kerta-asiakkaat (sis. numer.)"
"2","T100","ผู้สั่งซื้อ"
"N","ZK29","Opdrachtgever"
"U","KUNA","Asiakkaat (ulk. numerointi)"
"F","0002","Réceptionnaire de marchandises"
"N","ZK30","Opdrachtgever"
"2","TM1","ผู้สั่งซื้อ"
"U","T100","Toimeksiantaja"
"F","0003","Payeur"
"O","0001","Oppdragsgiver"
"U","TM1","Toimeksiantaja"
"O","0002","Varemottaker"
"F","0004","Destinataire facture"
"2","TM2","ลูกค้าขาจร (กำหนดเลขที่เอง)"
"O","0003","Betaler"
"F","0005","Concerné"
"U","TM2","Kerta-asiakkaat (ulk. numer.)"
"2","VVD","ลูกค้า TR-LO"
"O","0004","Fakturamottaker"
"F","0006","Concurrent"
"U","VVD","Asiakas TR-LO"
"O","0005","Interessent"
"F","0007","Partenaire commercial"
"U","Z001","Toimeksiantaja"
"2","Z001","ผู้สั่งซื้อ"
"O","0006","Konkurrent"
"U","Z003","Maksaja"
"F","0012","Noeud de hiérarchie"
"O","0007","Samarbeidspartner"
"2","Z003","ผู้ชำระเงิน"
"U","Z100","Toimeksiantaja"
"F","0099","CPD"
"O","0012","Hierarkiknutepunkter"
"U","ZFSC","Toimeksiantaja"
"F","0100","Centre de distribution"
"2","Z100","ผู้สั่งซื้อ"
"O","0100","Distribusjonssenter"
"V","0001","Uppdragsgivare"
"F","0110","Succursale sans fact. interne"
"2","ZFSC","ผู้สั่งซื้อ"
"V","0002","Godsmottagare"
"O","0110","Filial uten intern avregning"
"V","0003","Betalare"
"F","0120","Succursale avec fact. interne"
"3","0001","판매처"
"O","0120","Filial med intern avregning"
"V","0004","Fakturamottagare"
"3","0002","상품수령인"
"F","0130","Succursale avec fact. externe"
"O","0130","Filial med ekstern avregning"
"V","0005","Intressent"
"3","0003","지급인"
"F","0140","Propriétaire gamme"
"V","0006","Konkurrent"
"O","0140","Sortim.\, foreldet\, ikke brukt"
"3","0004","청구처"
"F","0150","Franchisé"
"O","0150","Franchisetaker"
"V","0007","Försäljningspartner"
"3","0005","예상고객"
"F","0160","Client commerce gros"
"O","0160","Kunde av grossist"
"V","0012","Hierarkinoder"
"3","0006","경쟁사"
"F","0170","Consommateur"
"O","0170","Konsument"
"V","0100","Distributionscenter"
"3","0007","영업파트너"
"O","3500","Oppdragsgiver"
"F","3500","Donneur d'ordre"
"3","0012","계층노드"
"V","0110","Filial utan intern avräkn."
"O","CPB1","Oppdragsgiver"
"3","0099","OTA"
"F","BR01","National  Brazilian Customer"
"V","0120","Filial med intern avräkn."
"O","CPB2","Oppdragsgiver"
"3","0100","유통센터"
"V","0130","Filial med extern avräkn."
"F","BR02","Internacional brazilian Custom"
"O","CPD","Engangskunder (int. nr.ford.)"
"3","0110","회사간청구가 없는 지점"
"F","CPB1","Donneur d'ordre"
"V","0140","Sortiment\, inaktuellt\, ej anv."
"O","CPDA","Engangskunder (ekst. nr.ford.)"
"F","CPB2","Donneur d'ordre"
"V","0150","Franchisetagare"
"3","0120","회사간청구를 하는 지점"
"O","DEBI","Debitorer - generell"
"F","CPD","Clients CPD"
"V","0160","Grosshandelskund"
"O","J100","Engangskunder (int. nr.ford.)"
"F","CPDA","Client CPD"
"3","0130","외부청구를 하는 지점"
"V","0170","Konsument"
"F","CUST","Clients"
"O","KUNA","Debitorer (ekst. nr.fordeling)"
"V","3500","Uppdragsgivare"
"3","0140","Assortment (obsolete\,don't use"
"F","DEBI","Client trésorerie"
"O","T100","Oppdragsgiver"
"V","CPB1","Uppdragsgivare"
"3","0150","독점판매권"
"F","J100","Clients CPD"
"O","TM1","Oppdragsgiver"
"V","CPB2","Uppdragsgivare"
"3","0160","도매고객"
"F","KUNA","Client général"
"3","0170","소비자"
"O","TM2","Engangskunder (ekst. nr.ford.)"
"V","CPD","Engångskunder (int.nrtilldeln)"
"F","LCMS","Customer(Portal Role)\, Minimal"
"3","3500","판매처"
"O","VVD","Debitor TR-LO"
"V","CPDA","Engångskunder (ext.nrtilldeln)"
"O","Z001","Oppdragsgiver"
"F","LCMX","Customer (Portal Role)\, Maxim."
"3","BR01","National  Brazilian Customer"
"V","DEBI","Kunder allmänt"
"O","Z003","Betaler"
"F","PLNT","Client interne"
"O","Z100","Oppdragsgiver"
"3","BR02","Internacional brazilian Custom"
"V","J100","Engångskunder (int.nrtilldeln)"
"F","RE","Client bien immobilier"
"O","ZAPO","Oppdragsgiver"
"3","CPB1","판매처"
"F","T100","Donneur d'ordre"
"V","KUNA","Kunder (ext nr.tilldeln)"
"O","ZARG","Oppdragsgiver"
"3","CPB2","판매처"
"F","TM1","Donneur d'ordre"
"V","T100","Uppdragsgivare"
"O","ZFSC","Oppdragsgiver"
"F","TM2","Client CPD"
"O","ZK01","Oppdragsgiver"
"V","TM1","Uppdragsgivare"
"3","CPD","일회성고객(내부번호지정)"
"F","VVD","Client IS-IS prêts"
"O","ZK02","Oppdragsgiver"
"F","X100","Customer-Closing"
"V","TM2","Engångskunder (ext.nrtilldeln)"
"3","CPDA","일회성고객(외부번호지정)"
"O","ZK03","Oppdragsgiver"
"V","VVD","Kund TR-LO"
"F","Z001","Donneur d'ordre"
"O","ZK04","Oppdragsgiver"
"3","CUST","Customers"
"V","Z001","Uppdragsgivare"
"3","DEBI","고객(일반)"
"F","Z003","Payeur"
"O","ZK05","Oppdragsgiver"
"V","Z003","Betalare"
"O","ZK06","Oppdragsgiver"
"F","Z100","Donneur d'ordre"
"3","J100","일회성고객(내부번호지정)"
"O","ZK07","Oppdragsgiver"
"V","Z100","Uppdragsgivare"
"F","ZAG1","CRM B2C / NE PAS UTILISER"
"3","KUNA","고객(외부번호지정)"
"O","ZK08","Oppdragsgiver"
"V","ZAPO","Uppdragsgivare"
"F","ZAG2","CRM B2C / NE PAS UTILISER"
"O","ZK09","Oppdragsgiver"
"3","LCMS","Customer(Portal Role)\, Minimal"
"F","ZAPO","Donneur d'ordre"
"V","ZARG","Uppdragsgivare"
"O","ZK10","Oppdragsgiver"
"F","ZARG","Donneur d'ordre"
"V","ZFSC","Uppdragsgivare"
"O","ZK11","Oppdragsgiver"
"3","LCMX","Customer (Portal Role)\, Maxim."
"F","ZCPG","CRM B2C / NE PAS UTILISER"
"O","ZK12","Oppdragsgiver"
"V","ZK01","Uppdragsgivare"
"3","PLNT","customer belonging to group"
"F","ZCRM","CRM B2C / NE PAS UTILISER"
"O","ZK13","Oppdragsgiver"
"V","ZK02","Uppdragsgivare"
"3","RE","Real Estate customer"
"F","ZFSC","Donneur d'ordre"
"O","ZK14","Oppdragsgiver"
"V","ZK03","Uppdragsgivare"
"3","T100","판매처"
"O","ZK15","Oppdragsgiver"
"F","ZHOS","Hospitals for Clin.Trials"
"V","ZK04","Uppdragsgivare"
"3","TM1","판매처"
"O","ZK16","Oppdragsgiver"
"F","ZINT","Nouv. client via Internet"
"V","ZK05","Uppdragsgivare"
"O","ZK17","Oppdragsgiver"
"F","ZK01","Donneur d'ordre"
"3","TM2","일회성고객(외부번호지정)"
"V","ZK06","Uppdragsgivare"
"O","ZK18","Oppdragsgiver"
"F","ZK02","Donneur d'ordre"
"3","VVD","TR-LO 고객"
"V","ZK07","Uppdragsgivare"
"O","ZK19","Oppdragsgiver"
"F","ZK03","Donneur d'ordre"
"3","X100","Customer-Closing"
"V","ZK08","Uppdragsgivare"
"O","ZK20","Oppdragsgiver"
"F","ZK04","Donneur d'ordre"
"3","Z001","판매처"
"V","ZK09","Uppdragsgivare"
"O","ZK21","Oppdragsgiver"
"F","ZK05","Donneur d'ordre"
"3","Z003","지급인"
"O","ZK22","Oppdragsgiver"
"F","ZK06","Donneur d'ordre"
"3","Z100","판매처"
"O","ZK23","Oppdragsgiver"
"F","ZK07","Donneur d'ordre"
"O","ZK24","Oppdragsgiver"
"3","ZAG1"," Sold-to party R/3 ---> CRM"
"F","ZK08","Donneur d'ordre"
"O","ZK25","Oppdragsgiver"
"F","ZK09","Donneur d'ordre"
"O","ZK26","Oppdragsgiver"
"3","ZAG2"," Sold-to party CRM ---> R/3"
"V","ZK10","Uppdragsgivare"
"F","ZK10","Donneur d'ordre"
"O","ZK27","Oppdragsgiver"
"3","ZAPO","Sold-to party (APO Customers)"
"V","ZK11","Uppdragsgivare"
"F","ZK11","Donneur d'ordre"
"O","ZK28","Oppdragsgiver"
"3","ZARG","Sold-to party"
"F","ZK12","Donneur d'ordre"
"V","ZK12","Uppdragsgivare"
"O","ZK29","Oppdragsgiver"
"3","ZCPG","Store"
"F","ZK13","Donneur d'ordre"
"V","ZK13","Uppdragsgivare"
"O","ZK30","Oppdragsgiver"
"3","ZCRM","CRM B2C/ DO NOT USE !"
"F","ZK14","Donneur d'ordre"
"V","ZK14","Uppdragsgivare"
"O","ZSP1","Oppdragsgiver"
"3","ZFSC","판매처"
"F","ZK15","Donneur d'ordre"
"P","0001","Emissor da ordem"
"V","ZK15","Uppdragsgivare"
"3","ZHOS","Hospitals for Clin.Trials"
"F","ZK16","Donneur d'ordre"
"V","ZK16","Uppdragsgivare"
"P","0002","Recebedor da mercadoria"
"F","ZK17","Donneur d'ordre"
"3","ZINT","New customer via Internet"
"P","0003","Pagador"
"V","ZK17","Uppdragsgivare"
"F","ZK18","Donneur d'ordre"
"3","ZK01","판매처"
"P","0004","Recebedor de fatura"
"V","ZK18","Uppdragsgivare"
"3","ZK02","판매처"
"F","ZK19","Donneur d'ordre"
"P","0005","Interessado"
"V","ZK19","Uppdragsgivare"
"3","ZK03","판매처"
"F","ZK20","Donneur d'ordre"
"P","0006","Concorrente"
"3","ZK04","판매처"
"F","ZK21","Donneur d'ordre"
"V","ZK20","Uppdragsgivare"
"P","0007","Parceiro Vendas e Distribuição"
"F","ZK22","Donneur d'ordre"
"V","ZK21","Uppdragsgivare"
"3","ZK05","판매처"
"F","ZK23","Donneur d'ordre"
"P","0012","Nó hierárquico"
"3","ZK06","판매처"
"V","ZK22","Uppdragsgivare"
"P","0099","CD"
"3","ZK07","판매처"
"V","ZK23","Uppdragsgivare"
"P","0100","Centro de distribuição"
"F","ZK24","Donneur d'ordre"
"3","ZK08","판매처"
"V","ZK24","Uppdragsgivare"
"3","ZK09","판매처"
"V","ZK25","Uppdragsgivare"
"F","ZK25","Donneur d'ordre"
"P","0110","Filial s/compensação interna"
"3","ZK10","판매처"
"V","ZK26","Uppdragsgivare"
"F","ZK26","Donneur d'ordre"
"P","0120","Filial c/compensação interna"
"V","ZK27","Uppdragsgivare"
"3","ZK11","판매처"
"F","ZK27","Donneur d'ordre"
"P","0130","Filial c/compensação externa"
"V","ZK28","Uppdragsgivare"
"F","ZK28","Donneur d'ordre"
"3","ZK12","판매처"
"P","0140","Titular sortimento"
"F","ZK29","Donneur d'ordre"
"V","ZK29","Uppdragsgivare"
"3","ZK13","판매처"
"P","0150","Franchisador"
"F","ZK30","Donneur d'ordre"
"V","ZK30","Uppdragsgivare"
"3","ZK14","판매처"
"P","0160","Cliente de comércio atacadista"
"F","ZMDM","CRM B2C / NE PAS UTILISER"
"V","ZSP1","Uppdragsgivare"
"3","ZK15","판매처"
"P","0170","Consumidor final"
"W","0001","Клиент"
"3","ZK16","판매처"
"F","ZMX1","Clients domestiques (Mexique)"
"P","3500","Emissor da ordem"
"3","ZK17","판매처"
"P","BR01","clientes nacionais"
"W","0002","Получател на материал"
"F","ZPHH","Hospitals - Pharma Clin Trials"
"3","ZK18","판매처"
"P","BR02","clientes no exterior"
"W","0003","Платец"
"F","ZPOS","POS / Outlet"
"3","ZK19","판매처"
"P","CPB1","Emissor da ordem"
"F","ZSP1","Donneur d'ordre"
"W","0004","Получател на фактура"
"3","ZK20","판매처"
"P","CPB2","Emissor da ordem"
"G","0001","Πελάτης"
"3","ZK21","판매처"
"W","0005","Потенциален клиент"
"P","CPD","Clientes CD"
"G","0002","Παραλήπτης αγαθών"
"P","CPDA","Cliente CD"
"W","0006","Конкурент"
"3","ZK22","판매처"
"G","0003","Πληρωτής"
"P","CUST","Clientes"
"3","ZK23","판매처"
"W","0007","Пазарни партньори"
"G","0004","Παραλήπτης τιμολογίου"
"P","DEBI","Cliente tesouraria"
"3","ZK24","판매처"
"P","J100","Clientes CD"
"W","0012","Йерархичен възел"
"3","ZK25","판매처"
"G","0005","Μελλοντικός πελάτης"
"P","KUNA","Clientes (geral)"
"3","ZK26","판매처"
"W","0099","OTA"
"G","0006","Ανταγωνιστής"
"3","ZK27","판매처"
"P","LCMS","Customer(Portal Role)\, Minimal"
"W","0100","Център за разпределение"
"G","0007","Συμβαλλόμενοι πωλήσεων"
"3","ZK28","판매처"
"P","LCMX","Customer (Portal Role)\, Maxim."
"3","ZK29","판매처"
"G","0012","Κόμβος Ιεραρχίας"
"P","PLNT","Cliente - intern."
"W","0110","Клон без вътрешнофирм.разчети"
"G","0099","OTA"
"P","RE","Cliente imóvel"
"3","ZK30","판매처"
"W","0120","Клон с вътрешнофирм.разчети"
"P","T100","Emissor da ordem"
"G","0100","Κέντρο διανομής"
"3","ZMDM","Customers - MDM only !"
"P","TM1","Emissor da ordem"
"W","0130","Клон с външни разчети"
"G","0110","Υποκ.χωρίς διεταιρ.τιμολόγηση"
"3","ZMX1","Domestic customers (Mexico)"
"P","TM2","Cliente CD"
"W","0140","Асортимент(изл.употр.\,не изп.)"
"P","VVD","Cliente IS-IS empréstimo"
"G","0120","Υποκ.με διεταιρ.τιμολόγηση"
"3","ZPHH","Hospitals - Pharma Clin Trials"
"P","X100","Customer-Closing"
"W","0150","Франчайзер"
"3","ZPOS","POS / Outlet"
"G","0130","Υποκ.με εξωτερική τιμολόγηση"
"P","Z001","Emissor da ordem"
"3","ZSP1","Sold-to party"
"W","0160","Клиент на продажби на едро"
"P","Z003","Pagador"
"4","0001","Client"
"G","0140","Ταξινόμηση (απαξίωση\,δεν χρησ."
"W","0170","Потребител"
"P","Z100","Emissor da ordem"
"4","0002","Destinatar bunuri"
"G","0150","Δικαιοδόχος"
"W","3500","Sold-to party - FI-CAX"
"P","ZAG1","CRM B2C / NÃO UTILIZAR"
"4","0003","Plătitor"
"G","0160","Πελάτης χονδρικής πώλησης"
"P","ZAG2","CRM B2C / NÃO UTILIZAR"
"W","BR01","National  Brazilian Customer"
"4","0004","Destinatar factură"
"G","0170","Καταναλωτής"
"P","ZAPO","Emissor da ordem"
"4","0005","Client potenţial"
"W","BR02","Internacional brazilian Custom"
"G","3500","Sold-to party - FI-CAX"
"P","ZARG","Emissor da ordem"
"4","0006","Concurent"
"W","CPB1","Sold-to party (Beverage)"
"P","ZCPG","CRM B2C / NÃO UTILIZAR"
"4","0007","Parteneri vânzări"
"G","BR01","National  Brazilian Customer"
"W","CPB2","DSD Driver"
"4","0012","Nod ierarhie"
"P","ZCRM","CRM B2C / NÃO UTILIZAR"
"G","BR02","Internacional brazilian Custom"
"4","0099","OTA"
"W","CPD","Еднокр.клиент(вътр.ном.присв.)"
"P","ZFSC","Emissor da ordem"
"G","CPB1","Sold-to party (Beverage)"
"4","0100","Centru de distribuţie"
"P","ZHOS","Hospitals for Clin.Trials"
"G","CPB2","DSD Driver"
"W","CPDA","Еднокр.клиент(външ.ном.присв.)"
"P","ZINT","Novo cliente via internet"
"4","0110","Filială fără decontare internă"
"W","CUST","Customers"
"G","CPD","Πελάτες μιάς-φοράς"
"P","ZK01","Emissor da ordem"
"W","DEBI","Клиенти (общо)"
"4","0120","Filială cu  decontare internă"
"P","ZK02","Emissor da ordem"
"G","CPDA","Πελάτης μιάς-φοράς"
"P","ZK03","Emissor da ordem"
"G","CUST","Customers"
"W","J100","Еднокр.клиент(вътр.ном.присв.)"
"P","ZK04","Emissor da ordem"
"G","DEBI","Πελάτης  (γενικά)"
"W","KUNA","Клиент (външ.номер на присв.)"
"P","ZK05","Emissor da ordem"
"G","J100","Πελάτες μιάς-φοράς"
"P","ZK06","Emissor da ordem"
"W","PLNT","customer belonging to group"
"P","ZK07","Emissor da ordem"
"W","RE","Real Estate customer"
"G","KUNA","Πελάτης (με εξωτερ.αριθμό)"
"P","ZK08","Emissor da ordem"
"W","T100","Клиент"
"P","ZK09","Emissor da ordem"
"G","PLNT","customer belonging to group"
"W","TM1","Клиент"
"P","ZK10","Emissor da ordem"
"G","RE","Real Estate customer"
"P","ZK11","Emissor da ordem"
"G","T100","Πελάτης"
"W","TM2","Еднокр.клиент(външ.ном.присв.)"
"P","ZK12","Emissor da ordem"
"G","TM1","Πελάτης"
"W","VVD","Клиент TR-LO"
"P","ZK13","Emissor da ordem"
"W","Z001","Клиент"
"G","TM2","Πελάτης μιάς-φοράς"
"P","ZK14","Emissor da ordem"
"4","0130","Filială cu decontare externă"
"W","Z003","Платец"
"G","VVD","TR-LO πελάτης"
"P","ZK15","Emissor da ordem"
"W","Z100","Клиент"
"4","0140","Sortiment(depăşit\, nu folosiţi"
"G","Z001","Πελάτης"
"P","ZK16","Emissor da ordem"
"W","ZAG1"," Sold-to party R/3 ---> CRM"
"4","0150","Concesion."
"G","Z003","Πληρωτής"
"P","ZK17","Emissor da ordem"
"W","ZAG2"," Sold-to party CRM ---> R/3"
"4","0160","Client en gros"
"P","ZK18","Emissor da ordem"
"G","Z100","Πελάτης"
"4","0170","Consumator"
"P","ZK19","Emissor da ordem"
"W","ZAPO","Sold-to party (APO Customers)"
"G","ZAG1"," Sold-to party R/3 ---> CRM"
"4","3500","Sold-to party - FI-CAX"
"P","ZK20","Emissor da ordem"
"W","ZARG","Sold-to party"
"G","ZAG2"," Sold-to party CRM ---> R/3"
"P","ZK21","Emissor da ordem"
"W","ZCPG","Store"
"4","BR01","National  Brazilian Customer"
"P","ZK22","Emissor da ordem"
"G","ZAPO","Sold-to party (APO Customers)"
"W","ZCRM","CRM B2C/ DO NOT USE !"
"4","BR02","Internacional brazilian Custom"
"P","ZK23","Emissor da ordem"
"G","ZARG","Sold-to party"
"W","ZFSC","Sold-to party - ZFSC"
"P","ZK24","Emissor da ordem"
"G","ZCPG","Store"
"W","ZHOS","Hospitals for Clin.Trials"
"4","CPB1","Sold-to party (Beverage)"
"P","ZK25","Emissor da ordem"
"G","ZCRM","CRM B2C/ DO NOT USE !"
"W","ZINT","New customer via Internet"
"P","ZK26","Emissor da ordem"
"G","ZFSC","Sold-to party - ZFSC"
"4","CPB2","DSD Driver"
"W","ZK01","Sold-to party 01"
"P","ZK27","Emissor da ordem"
"G","ZHOS","Hospitals for Clin.Trials"
"W","ZK02","Sold-to party 02"
"P","ZK28","Emissor da ordem"
"4","CPD","Client ocazional(aloc.nr.inter"
"G","ZINT","New customer via Internet"
"W","ZK03","Sold-to party 03"
"P","ZK29","Emissor da ordem"
"G","ZK01","Sold-to party 01"
"P","ZK30","Emissor da ordem"
"W","ZK04","Sold-to party 04"
"G","ZK02","Sold-to party 02"
"4","CPDA","Client ocazional(aloc.nr.exter"
"W","ZK05","Sold-to party 05"
"P","ZMDM","CRM B2C / NÃO UTILIZAR"
"G","ZK03","Sold-to party 03"
"W","ZK06","Sold-to party 06"
"P","ZMX1","Clientes nacionais (México)"
"4","CUST","Customers"
"G","ZK04","Sold-to party 04"
"W","ZK07","Sold-to party 07"
"G","ZK05","Sold-to party 05"
"P","ZPHH","Hospitals - Pharma Clin Trials"
"4","DEBI","Client(general)"
"W","ZK08","Sold-to party 08"
"G","ZK06","Sold-to party 06"
"P","ZPOS","Point-of-sale / loja"
"W","ZK09","Sold-to party 09"
"G","ZK07","Sold-to party 07"
"P","ZSP1","Emissor da ordem"
"W","ZK10","Sold-to party 10"
"4","J100","Client ocazional(aloc.nr.inter"
"G","ZK08","Sold-to party 08"
"Q","0001","Zadávateľ zákazky"
"W","ZK11","Sold-to party 11"
"G","ZK09","Sold-to party 09"
"Q","0002","Príjemca materiálu"
"4","KUNA","Client(aloc.număr extern)"
"W","ZK12","Sold-to party 12"
"G","ZK10","Sold-to party 10"
"Q","0003","Platca"
"W","ZK13","Sold-to party 13"
"G","ZK11","Sold-to party 11"
"Q","0004","Príjemca faktúry"
"W","ZK14","Sold-to party 14"
"4","PLNT","customer belonging to group"
"G","ZK12","Sold-to party 12"
"Q","0005","Záujemca"
"W","ZK15","Sold-to party 15"
"Q","0006","Konkurent"
"G","ZK13","Sold-to party 13"
"4","RE","Real Estate customer"
"W","ZK16","Sold-to party 16"
"Q","0007","Odbytový partner"
"G","ZK14","Sold-to party 14"
"Q","0012","Uzol hierarchie"
"W","ZK17","Sold-to party 17"
"G","ZK15","Sold-to party 15"
"4","T100","Client"
"Q","0100","Distrib.stredisko"
"W","ZK18","Sold-to party 18"
"G","ZK16","Sold-to party 16"
"4","TM1","Client"
"W","ZK19","Sold-to party 19"
"G","ZK17","Sold-to party 17"
"Q","0110","Pobočka bez inter.zúčtovania"
"W","ZK20","Sold-to party 20"
"G","ZK18","Sold-to party 18"
"Q","0120","Pobočka s interným zúčtovaním"
"4","TM2","Client ocazional(aloc.nr.exter"
"W","ZK21","Sold-to party 21"
"G","ZK19","Sold-to party 19"
"Q","0130","Pobočka s externým zúčtovaním"
"W","ZK22","Sold-to party 22"
"G","ZK20","Sold-to party 20"
"4","VVD","Client TR-LO"
"W","ZK23","Sold-to party 23"
"G","ZK21","Sold-to party 21"
"Q","0140","Sortim.\, zastar.\, nepoužív."
"4","Z001","Client"
"W","ZK24","Sold-to party 24"
"G","ZK22","Sold-to party 22"
"Q","0150","Príjemca licencie"
"W","ZK25","Sold-to party 25"
"4","Z003","Plătitor"
"G","ZK23","Sold-to party 23"
"Q","0160","Zákazník veľkoobchodu"
"W","ZK26","Sold-to party 26"
"G","ZK24","Sold-to party 24"
"Q","0170","Spotrebiteľ"
"4","Z100","Client"
"W","ZK27","Sold-to party 27"
"Q","3500","Zadávateľ zákazky"
"G","ZK25","Sold-to party 25"
"W","ZK28","Sold-to party 28"
"Q","CPB1","Zadávateľ zákazky"
"G","ZK26","Sold-to party 26"
"4","ZAG1"," Sold-to party R/3 ---> CRM"
"W","ZK29","Sold-to party 29"
"Q","CPB2","Zadávateľ zákazky"
"G","ZK27","Sold-to party 27"
"W","ZK30","Sold-to party 30"
"4","ZAG2"," Sold-to party CRM ---> R/3"
"G","ZK28","Sold-to party 28"
"W","ZMDM","Customers - MDM only !"
"Q","CPD","CPD-odberatelia(int.prid.čís.)"
"G","ZK29","Sold-to party 29"
"W","ZMX1","Domestic customers (Mexico)"
"Q","CPDA","CPD-odberatelia(int.prid.čís.)"
"4","ZAPO","Sold-to party (APO Customers)"
"G","ZK30","Sold-to party 30"
"Q","DEBI","Odberateľ všeobecne"
"W","ZPHH","Hospitals - Pharma Clin Trials"
"G","ZMDM","Customers - MDM only !"
"W","ZPOS","POS / Outlet"
"4","ZARG","Sold-to party"
"Q","J100","CPD-odberatelia(int.prid.čís.)"
"W","ZSP1","Sold-to party"
"G","ZMX1","Domestic customers (Mexico)"
"4","ZCPG","Store"
"Q","KUNA","Odberatelia(ext.pridel.čís.)"
"Z","0001","Sold-to party"
"Q","T100","Zadávateľ zákazky"
"Z","0002","Goods recipient"
"G","ZPHH","Hospitals - Pharma Clin Trials"
"4","ZCRM","CRM B2C/ DO NOT USE !"
"Q","TM1","Zadávateľ zákazky"
"Z","0003","Payer"
"G","ZPOS","POS / Outlet"
"Z","0004","Bill-to party"
"4","ZFSC","Sold-to party - ZFSC"
"Q","TM2","CPD-odberatelia(int.prid.čís.)"
"G","ZSP1","Sold-to party"
"Z","0005","Prospective customer"
"Z","0006","Competitor"
"Z","0007","Sales partner"
"Z","0012","Hierarchy node"
"Z","0099","OTA"
"Z","0100","Distribution center"
"Z","0110","Branch w/o intercomp.billing"
"Z","0120","Branch with intercomp.billing"
"Z","0130","Branch with external billing"
"Z","0140","Assortment owners"
"Z","0150","Franchisee"
"Z","0160","Wholesale customer"
"Z","0170","Consumer"
"Z","3500","Sold-to party"
"Z","BR01","National  Brazilian Customer"
"Z","BR02","Internacional brazilian Custom"
"Z","CPB1","Sold-to party"
"Z","CPB2","Sold-to party"
"4","ZHOS","Hospitals for Clin.Trials"
"Q","VVD","Odberateľ TR-LO"
"Z","CPD","One-time customers"
"H","0001","Megrendelő"
"Z","CPDA","One-time customer"
"Q","Z001","Zadávateľ zákazky"
"Z","CUST","Customers"
"Q","Z003","Platca"
"4","ZINT","New customer via Internet"
"H","0002","Árufogadó"
"Z","DEBI","Treasury customer"
"Q","Z100","Zadávateľ zákazky"
"4","ZK01","Sold-to party 01"
"Z","J100","One-time customers"
"Q","ZFSC","Zadávateľ zákazky"
"H","0003","Fizető"
"Z","KUNA","General customers"
"Q","ZK01","Zadávateľ zákazky"
"4","ZK02","Sold-to party 02"
"H","0004","Számlafogadó"
"Q","ZK02","Zadávateľ zákazky"
"Z","PLNT","customer belonging to group"
"4","ZK03","Sold-to party 03"
"Z","RE","Real Estate customer"
"Q","ZK03","Zadávateľ zákazky"
"H","0005","Érdeklődő"
"Z","T100","Sold-to party"
"Q","ZK04","Zadávateľ zákazky"
"4","ZK04","Sold-to party 04"
"Z","TM1","Sold-to party"
"H","0006","Versenytársak"
"Q","ZK05","Zadávateľ zákazky"
"Z","TM2","One-time customer"
"4","ZK05","Sold-to party 05"
"Q","ZK06","Zadávateľ zákazky"
"H","0007","Értékesítési partner"
"Z","VVD","Customer IS-IS loan"
"Q","ZK07","Zadávateľ zákazky"
"4","ZK06","Sold-to party 06"
"Z","Z001","Sold-to party"
"Q","ZK08","Zadávateľ zákazky"
"Z","Z003","Payer"
"H","0012","Hierarchia-csomópont"
"Q","ZK09","Zadávateľ zákazky"
"4","ZK07","Sold-to party 07"
"Z","Z100","Sold-to party"
"Q","ZK10","Zadávateľ zákazky"
"H","0100","Elosztóközpont"
"Z","ZAG1"," Sold-to party R/3 ---> CRM"
"4","ZK08","Sold-to party 08"
"Q","ZK11","Zadávateľ zákazky"
"Z","ZAG2"," Sold-to party CRM ---> R/3"
"Q","ZK12","Zadávateľ zákazky"
"4","ZK09","Sold-to party 09"
"H","0110","FióküzletBelsőElszámolásNélkül"
"Q","ZK13","Zadávateľ zákazky"
"Z","ZAPO","Sold-to party (APO Customers)"
"4","ZK10","Sold-to party 10"
"Z","ZARG","Sold-to party"
"Q","ZK14","Zadávateľ zákazky"
"Z","ZCPG","Store"
"Q","ZK15","Zadávateľ zákazky"
"4","ZK11","Sold-to party 11"
"H","0120","FióküzletBelsőElszámolással"
"Z","ZCRM","CRM B2C/ DO NOT USE !"
"Q","ZK16","Zadávateľ zákazky"
"Z","ZFSC","Sold-to party"
"Q","ZK17","Zadávateľ zákazky"
"4","ZK12","Sold-to party 12"
"H","0130","FióküzletKülsőElszámolással"
"Z","ZHOS","Hospitals for Clin.Trials"
"Q","ZK18","Zadávateľ zákazky"
"H","0140","Szortim.\, elévült\, n.használt"
"Z","ZINT","New customer via Internet"
"4","ZK13","Sold-to party 13"
"Q","ZK19","Zadávateľ zákazky"
"Z","ZK01","Sold-to party"
"Q","ZK20","Zadávateľ zákazky"
"H","0150","Franchise-ba vevő"
"4","ZK14","Sold-to party 14"
"Z","ZK02","Sold-to party"
"Q","ZK21","Zadávateľ zákazky"
"H","0160","Nagykereskedelmi vevő"
"Z","ZK03","Sold-to party"
"Q","ZK22","Zadávateľ zákazky"
"4","ZK15","Sold-to party 15"
"H","0170","Fogyasztó"
"Z","ZK04","Sold-to party"
"Q","ZK23","Zadávateľ zákazky"
"H","3500","Megrendelő"
"Z","ZK05","Sold-to party"
"4","ZK16","Sold-to party 16"
"Q","ZK24","Zadávateľ zákazky"
"H","CPB1","Megrendelő"
"Z","ZK06","Sold-to party"
"Q","ZK25","Zadávateľ zákazky"
"H","CPB2","Megrendelő"
"Z","ZK07","Sold-to party"
"4","ZK17","Sold-to party 17"
"Q","ZK26","Zadávateľ zákazky"
"Z","ZK08","Sold-to party"
"H","CPD","Egyszeri vevő(BelsőSzMeghatár)"
"4","ZK18","Sold-to party 18"
"Z","ZK09","Sold-to party"
"Q","ZK27","Zadávateľ zákazky"
"Z","ZK10","Sold-to party"
"Q","ZK28","Zadávateľ zákazky"
"H","CPDA","Egyszeri-vevő(KülsőSzMeghatár)"
"4","ZK19","Sold-to party 19"
"Z","ZK11","Sold-to party"
"Q","ZK29","Zadávateľ zákazky"
"H","DEBI","Vevő (általános)"
"Z","ZK12","Sold-to party"
"Q","ZK30","Zadávateľ zákazky"
"4","ZK20","Sold-to party 20"
"H","J100","Egyszeri vevő(BelsőSzMeghatár)"
"Z","ZK13","Sold-to party"
"R","0001","Заказчик"
"Z","ZK14","Sold-to party"
"H","KUNA","Vevő (KülsőSzMeghatár)"
"4","ZK21","Sold-to party 21"
"R","0002","Получатель материала"
"Z","ZK15","Sold-to party"
"H","T100","Megrendelő"
"R","0003","Плательщик"
"Z","ZK16","Sold-to party"
"4","ZK22","Sold-to party 22"
"H","TM1","Megrendelő"
"Z","ZK17","Sold-to party"
"R","0004","Получатель счета"
"4","ZK23","Sold-to party 23"
"Z","ZK18","Sold-to party"
"H","TM2","Egyszeri-vevő(KülsőSzMeghatár)"
"R","0005","Заинтересованное лицо"
"Z","ZK19","Sold-to party"
"H","VVD","Vevő TR-LO"
"4","ZK24","Sold-to party 24"
"R","0006","Конкурент"
"Z","ZK20","Sold-to party"
"H","Z001","Megrendelő"
"4","ZK25","Sold-to party 25"
"Z","ZK21","Sold-to party"
"R","0007","Партнер по сбыту"
"H","Z003","Fizető"
"Z","ZK22","Sold-to party"
"H","Z100","Megrendelő"
"R","0012","Узел иерархии"
"4","ZK26","Sold-to party 26"
"Z","ZK23","Sold-to party"
"R","0099","СРЛ"
"H","ZFSC","Megrendelő"
"Z","ZK24","Sold-to party"
"4","ZK27","Sold-to party 27"
"H","ZK01","Megrendelő"
"R","0100","Центр распределения"
"Z","ZK25","Sold-to party"
"H","ZK02","Megrendelő"
"Z","ZK26","Sold-to party"
"4","ZK28","Sold-to party 28"
"R","0110","Филиал без внут. перерасчета"
"H","ZK03","Megrendelő"
"Z","ZK27","Sold-to party"
"H","ZK04","Megrendelő"
"4","ZK29","Sold-to party 29"
"Z","ZK28","Sold-to party"
"R","0120","Филиал с внут. перерасчетом"
"H","ZK05","Megrendelő"
"Z","ZK29","Sold-to party"
"R","0130","Филиал с внеш. перерасчетом"
"4","ZK30","Sold-to party 30"
"H","ZK06","Megrendelő"
"Z","ZK30","Sold-to party"
"H","ZK07","Megrendelő"
"Z","ZMDM"," Sold-to party CRM ---> R/3"
"R","0140","Ассортиментная группа"
"4","ZMDM","Customers - MDM only !"
"H","ZK08","Megrendelő"
"Z","ZMX1","Domestic customers (Mexico)"
"H","ZK09","Megrendelő"
"R","0150","Получатель франшизы"
"Z","ZPHH","Hospitals - Pharma Clin Trials"
"4","ZMX1","Domestic customers (Mexico)"
"H","ZK10","Megrendelő"
"R","0160","Оптовый покупатель"
"Z","ZPOS","POS / Outlet"
"H","ZK11","Megrendelő"
"R","0170","Потребитель"
"Z","ZSP1","Service Provider Client"
"H","ZK12","Megrendelő"
"4","ZPHH","Hospitals - Pharma Clin Trials"
"d","0001","Kupac"
"R","1D08","разовые клиенты08"
"H","ZK13","Megrendelő"
"d","0002","Primalac robe"
"R","3500","Заказчик"
"H","ZK14","Megrendelő"
"4","ZPOS","POS / Outlet"
"d","0003","Platilac"
"R","AAAA","СРЛ-клиент"
"H","ZK15","Megrendelő"
"d","0004","Primalac fakture"
"4","ZSP1","Sold-to party"
"H","ZK16","Megrendelő"
"R","ALL","Дебитор со всеми полями"
"d","0005","Interesent"
"H","ZK17","Megrendelő"
"5","0001","Naročnik"
"d","0006","Konkurent"
"H","ZK18","Megrendelő"
"R","ALLE","Дебитор со всеми полями"
"d","0007","Prodajni partneri"
"R","AR01","Заказчик"
"H","ZK19","Megrendelő"
"5","0002","Prejemnik blaga"
"d","0012","Čvor hijerarhije"
"R","ARO1","Заказчик"
"d","0099","OTA"
"H","ZK20","Megrendelő"
"5","0003","Plačnik"
"R","ARO3","Заказчик"
"H","ZK21","Megrendelő"
"d","0100","Centar za distribuciju"
"R","ARO4","Заказчик"
"H","ZK22","Megrendelő"
"5","0004","Prejemnik računa"
"d","0110","Filij. bez faktur.među kompan."
"H","ZK23","Megrendelő"
"R","ARO6","Зарубежные клиенты"
"d","0120","Filijala s faktur.među kompan."
"5","0005","Interesent"
"H","ZK24","Megrendelő"
"R","ARO7","Дебиторы СРЛ"
"H","ZK25","Megrendelő"
"d","0130","Filijala s eksternim faktur."
"R","ARO8","СРЛ-клиент"
"5","0006","Konkurent"
"H","ZK26","Megrendelő"
"d","0140","Asortman (zastareli\,ne koristi"
"R","AUSL","Зарубежные клиенты"
"H","ZK27","Megrendelő"
"5","0007","Prodajni partnerji"
"d","0150","Franšiza"
"H","ZK28","Megrendelő"
"R","BE01","СТАНДАРТНЫЙ ДЕБИТОР/БЕЛЬГИЯ"
"d","0160","Kupac na veliko"
"5","0012","Vozlišča hierarhije"
"H","ZK29","Megrendelő"
"d","0170","Potrošač"
"R","BE02","Дебитор СРЛ/БЕЛЬГИЯ"
"H","ZK30","Megrendelő"
"d","3500","Sold-to party - FI-CAX"
"5","0099","OTA"
"R","BR01","National  Brazilian Customer"
"I","0001","Ordinante"
"d","BR01","National  Brazilian Customer"
"R","BR02","Internacional brazilian Custom"
"I","0002","Destinatario merci"
"5","0100","Distribucijski center"
"d","BR02","Internacional brazilian Custom"
"R","CCCC","Тест"
"I","0003","Esecutore del pagamento"
"d","CPB1","Sold-to party (Beverage)"
"R","CPB1","Заказчик"
"I","0004","Destinatario fattura"
"5","0110","Izpostava brez inter.obračuna"
"d","CPB2","DSD Driver"
"R","CPB2","Заказчик"
"I","0005","Cliente potenziale"
"R","CPD","СРЛ-дебиторы"
"d","CPD","Jednokratni kupac(int.dod.br.)"
"I","0006","Concorrente"
"5","0120","Izpostava z inter.obračunom"
"R","CPDA","СРЛ-клиент"
"I","0007","Interl. vendite"
"d","CPDA","Jednokratni kupac(eks.dod.br.)"
"R","CPDB","СРЛ-клиент"
"I","0012","Nodo gerarchia"
"d","CUST","Customers"
"R","CUST","Клиенты"
"5","0130","Izpostava z zunan. obračunom"
"d","DEBI","Kupac (opšte)"
"I","0100","Centro di ripartizione"
"R","D08","Дебиторы - 08"
"d","J100","Jednokratni kupac(int.dod.br.)"
"I","0110","Filiale senza comp. interna"
"R","DB01","Дебиторы - все"
"5","0140","Sortiment\,zastar.\,ne upravljan"
"d","KUNA","Kupac (ektern.dodela broja)"
"I","0120","Filiale con comp. interna"
"R","DB02","Дебиторы - все"
"I","0130","Filiale con comp. esterna"
"d","PLNT","customer belonging to group"
"5","0150","Najemnik franšize"
"R","DEBI","Дебиторы - Управление финанс."
"d","RE","Real Estate customer"
"I","0140","Assort.\,obsoleto\, non utilizz."
"R","DK01","Общие клиенты (Дания)"
"5","0160","Kupec na debelo"
"d","T100","Kupac"
"I","0150","Resp. franchise"
"d","TM1","Kupac"
"R","DK02","СРЛ-клиенты (Дания)"
"I","0160","Cliente comm. ingr."
"5","0170","Potrošnik"
"d","TM2","Jednokratni kupac(eks.dod.br.)"
"I","0170","Consumatore"
"R","EDP","Фирмы\, занимающиеся ЭОД"
"d","VVD","TR-LO kupac"
"I","3500","Ordinante"
"5","3500","Sold-to party - FI-CAX"
"d","Z001","Kupac"
"R","ES01","Общие дебиторы (Испания)"
"I","CPB1","Ordinante"
"d","Z003","Platilac"
"R","ES02","СРЛ-дебитор для Испании"
"I","CPB2","Ordinante"
"d","Z100","Kupac"
"5","BR01","National  Brazilian Customer"
"I","CPD","Clienti occasionale"
"d","ZAG1"," Sold-to party R/3 ---> CRM"
"R","FR01","Общие дебиторы (Франция)"
"I","CPDA","Clienti occasionale"
"5","BR02","Internacional brazilian Custom"
"d","ZAG2"," Sold-to party CRM ---> R/3"
"R","FR02","СРЛ-дебитор для Франции"
"I","DEBI","Clienti in generali"
"5","CPB1","Sold-to party (Beverage)"
"d","ZAPO","Sold-to party (APO Customers)"
"5","CPB2","DSD Driver"
"I","J100","Clienti occasionale"
"R","GB01","Станд. клиенты (Великобрит.)"
"d","ZARG","Sold-to party"
"5","CPD","CPD-kupci (int.dodelit.št)"
"I","KUNA","Clienti (assegn. n. esterna)"
"d","ZCPG","Store"
"R","GB02","СРЛ-клиенты (Великобритания)"
"I","T100","Ordinante"
"5","CPDA","CPD-kupci (eks.dodelit.št)"
"d","ZCRM","CRM B2C/ DO NOT USE !"
"R","GELL","Заказчик"
"I","TM1","Ordinante"
"5","CUST","Customers"
"d","ZFSC","Sold-to party - ZFSC"
"R","HIER","Тест UB"
"I","TM2","Clienti occasionale"
"5","DEBI","Kupci splošno"
"d","ZHOS","Hospitals for Clin.Trials"
"I","VVD","Clienti TR-LO"
"R","IT01","Общие дебиторы (Италия)"
"5","J100","CPD-kupci (int.dodelit.št)"
"d","ZINT","New customer via Internet"
"I","Z001","Ordinante"
"5","KUNA","Kupci (ekst.dodelit.št.)"
"d","ZK01","Sold-to party 01"
"R","IT02","СРЛ-дебитор для Италии"
"I","Z003","Esecutore del pagamento"
"d","ZK02","Sold-to party 02"
"I","Z100","Ordinante"
"5","PLNT","customer belonging to group"
"R","J100","СРЛ-дебиторы (Разовые покупате"
"d","ZK03","Sold-to party 03"
"I","ZFSC","Ordinante"
"5","RE","Real Estate customer"
"R","KUAA","Дебиторы - все"
"d","ZK04","Sold-to party 04"
"J","0001","受注先"
"5","T100","Naročnik"
"R","KUNA","Дебиторы - все"
"d","ZK05","Sold-to party 05"
"J","0002","出荷先"
"5","TM1","Naročnik"
"R","KUND","Дебиторы - все"
"d","ZK06","Sold-to party 06"
"J","0003","支払人"
"5","TM2","CPD-kupci (eks.dodelit.št)"
"d","ZK07","Sold-to party 07"
"J","0004","請求先"
"R","LCMS","Customer(Portal Role)\, Minimal"
"5","VVD","Kupec TR-LO"
"d","ZK08","Sold-to party 08"
"J","0005","見込得意先"
"R","LCMX","Customer (Portal Role)\, Maxim."
"d","ZK09","Sold-to party 09"
"J","0006","競合会社"
"5","Z001","Naročnik"
"R","NL01","Дебиторы - все"
"d","ZK10","Sold-to party 10"
"J","0007","販売取引先"
"5","Z003","Plačnik"
"R","NO01","Общие клиенты (Норвегия)"
"d","ZK11","Sold-to party 11"
"J","0012","階層ノード"
"5","Z100","Naročnik"
"J","0099","OTA"
"d","ZK12","Sold-to party 12"
"R","NO02","СРЛ-клиенты (Норвегия)"
"5","ZAG1"," Sold-to party R/3 ---> CRM"
"J","0100","流通センタ"
"d","ZK13","Sold-to party 13"
"R","PLNT","Дебитор - внутренний"
"5","ZAG2"," Sold-to party CRM ---> R/3"
"d","ZK14","Sold-to party 14"
"J","0110","会社間請求のない支店"
"d","ZK15","Sold-to party 15"
"R","RE","Дебитор/Управление недвижим."
"5","ZAPO","Sold-to party (APO Customers)"
"J","0120","会社間請求のある支店"
"d","ZK16","Sold-to party 16"
"5","ZARG","Sold-to party"
"R","SE01","Стандартный клиент (Швеция)"
"d","ZK17","Sold-to party 17"
"5","ZCPG","Store"
"J","0130","外部請求のある支店"
"d","ZK18","Sold-to party 18"
"R","SE02","СРЛ-клиенты - Швеция"
"5","ZCRM","CRM B2C/ DO NOT USE !"
"J","0140","品揃単位"
"d","ZK19","Sold-to party 19"
"R","T100","Дебиторы"
"5","ZFSC","Sold-to party - ZFSC"
"J","0150","フランチャイジー"
"R","TM1","Заказчик"
"d","ZK20","Sold-to party 20"
"5","ZHOS","Hospitals for Clin.Trials"
"J","0160","卸売得意先"
"d","ZK21","Sold-to party 21"
"R","TM2","СРЛ-клиент"
"J","0170","消費者"
"5","ZINT","New customer via Internet"
"d","ZK22","Sold-to party 22"
"R","VGR1","Заказчик"
"J","3500","受注先"
"5","ZK01","Sold-to party 01"
"d","ZK23","Sold-to party 23"
"R","VVD","Дебитор - IS-IS Ссуды"
"5","ZK02","Sold-to party 02"
"J","BR01","国内得意先 (ブラジル)"
"d","ZK24","Sold-to party 24"
"5","ZK03","Sold-to party 03"
"R","X100","Дебиторы - закрытие"
"d","ZK25","Sold-to party 25"
"J","BR02","国際得意先 (ブラジル)"
"5","ZK04","Sold-to party 04"
"R","Z001","Заказчик"
"d","ZK26","Sold-to party 26"
"J","CPB1","受注先"
"5","ZK05","Sold-to party 05"
"R","Z003","Плательщик"
"d","ZK27","Sold-to party 27"
"J","CPB2","受注先"
"5","ZK06","Sold-to party 06"
"d","ZK28","Sold-to party 28"
"R","Z100","Дебиторы вне страны"
"J","CPD","ワンタイム得意先"
"5","ZK07","Sold-to party 07"
"d","ZK29","Sold-to party 29"
"R","Z99","Заказчик"
"J","CPDA","ワンタイム得意先"
"5","ZK08","Sold-to party 08"
"d","ZK30","Sold-to party 30"
"R","ZAG1"," Sold-to party R/3 ---> CRM"
"5","ZK09","Sold-to party 09"
"J","CUST","得意先コード"
"d","ZMDM","Customers - MDM only !"
"5","ZK10","Sold-to party 10"
"R","ZAG2"," Sold-to party CRM ---> R/3"
"J","DEBI","重要得意先"
"d","ZMX1","Domestic customers (Mexico)"
"5","ZK11","Sold-to party 11"
"R","ZAPO","Заказчик"
"J","J100","ワンタイム得意先"
"5","ZK12","Sold-to party 12"
"d","ZPHH","Hospitals - Pharma Clin Trials"
"R","ZARG","Заказчик"
"J","KUNA","一般得意先"
"5","ZK13","Sold-to party 13"
"d","ZPOS","POS / Outlet"
"J","LCMS","Customer(Portal Role)\, Minimal"
"5","ZK14","Sold-to party 14"
"d","ZSP1","Sold-to party"
"5","ZK15","Sold-to party 15"
"J","LCMX","Customer (Portal Role)\, Maxim."
"묩","0001","क्रेता पक्ष"
"5","ZK16","Sold-to party 16"
"R","ZCPG","Store"
"J","PLNT","グループに所属する得意先"
"묩","0002","सामानों की प्राप्ति"
"5","ZK17","Sold-to party 17"
"R","ZCRM","CRM B2C/ DO NOT USE !"
"J","RE","不動産管理得意先"
"묩","0003","अदाकर्ता"
"5","ZK18","Sold-to party 18"
"R","ZFSC","Заказчик"
"J","T100","受注先"
"5","ZK19","Sold-to party 19"
"R","ZHOS","Hospitals for Clin.Trials"
"묩","0004","बिल प्राप्तकर्ता पक्ष"
"5","ZK20","Sold-to party 20"
"J","TM1","受注先"
"5","ZK21","Sold-to party 21"
"묩","0005","प्रत्याशित ग्राहक"
"R","ZINT","Новый клиент через Интернет"
"5","ZK22","Sold-to party 22"
"J","TM2","ワンタイム得意先"
"R","ZK01","Заказчик"
"5","ZK23","Sold-to party 23"
"묩","0006","प्रतिस्पर्धी"
"J","VVD","得意先 IS-IS ローン"
"R","ZK02","Заказчик"
"5","ZK24","Sold-to party 24"
"J","X100","Customer-Closing"
"R","ZK03","Заказчик"
"5","ZK25","Sold-to party 25"
"J","Z001","受注先"
"R","ZK04","Заказчик"
"5","ZK26","Sold-to party 26"
"J","Z003","支払人"
"R","ZK05","Заказчик"
"5","ZK27","Sold-to party 27"
"J","Z100","受注先"
"R","ZK06","Заказчик"
"5","ZK28","Sold-to party 28"
"J","ZAG1","受注先 R/3 ---> CRM"
"R","ZK07","Заказчик"
"5","ZK29","Sold-to party 29"
"J","ZAG2","受注先 CRM ---> R/3"
"R","ZK08","Заказчик"
"5","ZK30","Sold-to party 30"
"J","ZAPO","受注先"
"R","ZK09","Заказчик"
"5","ZMDM","Customers - MDM only !"
"J","ZARG","受注先"
"R","ZK10","Заказчик"
"묩","0007","विक्रय भागीदार"
"R","ZK11","Заказчик"
"J","ZCPG","受注先 R/3 ---> CRM"
"5","ZMX1","Domestic customers (Mexico)"
"묩","0012","पदानुक्रम नोड"
"R","ZK12","Заказчик"
"J","ZCRM","CRM B2C / 使用不可"
"5","ZPHH","Hospitals - Pharma Clin Trials"
"R","ZK13","Заказчик"
"J","ZFSC","受注先"
"묩","0100","वितरण केंद्र"
"5","ZPOS","POS / Outlet"
"J","ZHOS","Hospitals for Clin.Trials"
"5","ZSP1","Sold-to party"
"묩","0110","अंतरकंपनी बिलिंग रहित शाखा"
"6","0001","Kupac"
"J","ZINT","インタネット経由の新規得意先"
"6","0002","Primatelj robe"
"J","ZK01","受注先"
"묩","0120","अंतर कंपनी बिलिंग सहित शाखा"
"6","0003","Platitelj"
"J","ZK02","受注先"
"6","0004","Primatelj fakture"
"J","ZK03","受注先"
"묩","0130","बाहरी बिलिंग सहित शाखा"
"6","0005","Očekivani kupac"
"J","ZK04","受注先"
"6","0006","Konkurent"
"J","ZK05","受注先"
"묩","0140","संकलन (अप्रचलित\,उपयोग न करें"
"6","0007","Prod. partneri"
"J","ZK06","受注先"
"묩","0150","फ़्रेंचाइज़ी"
"6","0012","Čvor hijerarhije"
"J","ZK07","受注先"
"6","0099","OTA"
"묩","0160","थोक ग्राहक"
"J","ZK08","受注先"
"6","0100","Distribucijski centar"
"J","ZK09","受注先"
"묩","0170","उपभोक्ता"
"J","ZK10","受注先"
"6","0110","Grana bez fakturir.između pod."
"묩","CPD","एक-बारगी ग्राहक (आं.सं.असाइन.)"
"J","ZK11","受注先"
"6","0120","Grana s fakturir između poduz."
"J","ZK12","受注先"
"6","0130","Grana s vanjskim fakturiranjem"
"J","ZK13","受注先"
"묩","CPDA","एक-बारगी ग्राहक (बाह.सं.असाइ.)"
"J","ZK14","受注先"
"6","0140","Asortiman\,zstrjel.\,ne koristi"
"묩","DEBI","ग्राहक (सामान्य)"
"J","ZK15","受注先"
"6","0150","Franšiza"
"J","ZK16","受注先"
"6","0160","Veleprodajni kupac"
"묩","KUNA","ग्राहक (बाहरी सं.असाइनमेंट)"
"J","ZK17","受注先"
"6","0170","Potrošač"
"묩","VVD","TR-LO ग्राहक"
"J","ZK18","受注先"
"6","3500","Sold-to party - FI-CAX"
"J","ZK19","受注先"
"6","BR01","National  Brazilian Customer"
"6","BR02","Internacional brazilian Custom"
"6","CPB1","Sold-to party (Beverage)"
"J","ZK20","受注先"
"6","CPB2","DSD Driver"
"J","ZK21","受注先"
"6","CPD","Jednokr.kupac(unut.dodjela br)"
"J","ZK22","受注先"
"J","ZK23","受注先"
"6","CPDA","Jednokr.kupac(vanj.dodjel br.)"
"J","ZK24","受注先"
"6","CUST","Customers"
"J","ZK25","受注先"
"6","DEBI","Kupac (općenito)"
"J","ZK26","受注先"
"J","ZK27","受注先"
"6","J100","Jednokr.kupac(unut.dodjela br)"
"J","ZK28","受注先"
"6","KUNA","Kupac (vanjska dodjela broja)"
"J","ZK29","受注先"
"J","ZK30","受注先"
"6","PLNT","customer belonging to group"
"J","ZMDM","受注先 CRM ---> R/3"
"6","RE","Real Estate customer"
"6","T100","Kupac"
"J","ZMX1","国内得意先 (メキシコ)"
"6","TM1","Kupac"
"J","ZPHH","Hospitals - Pharma Clin Trials"
"6","TM2","Jednokr.kupac(vanj.dodjel br.)"
"J","ZPOS","POS / 販路"
"6","VVD","TR-LO kupac"
"J","ZSP1","受注先"
"6","Z001","Kupac"
"K","0001","Ordregiver"
"6","Z003","Platitelj"
"K","0002","Varemodtager"
"6","Z100","Kupac"
"6","ZAG1"," Sold-to party R/3 ---> CRM"
"6","ZAG2"," Sold-to party CRM ---> R/3"
"6","ZAPO","Sold-to party (APO Customers)"
"6","ZARG","Sold-to party"
"6","ZCPG","Store"
"6","ZCRM","CRM B2C/ DO NOT USE !"
"6","ZFSC","Sold-to party - ZFSC"
"6","ZHOS","Hospitals for Clin.Trials"
"6","ZINT","New customer via Internet"
"6","ZK01","Sold-to party 01"
"6","ZK02","Sold-to party 02"
"6","ZK03","Sold-to party 03"
"6","ZK04","Sold-to party 04"
"6","ZK05","Sold-to party 05"
"6","ZK06","Sold-to party 06"
"6","ZK07","Sold-to party 07"
"6","ZK08","Sold-to party 08"
"6","ZK09","Sold-to party 09"
"6","ZK10","Sold-to party 10"
"6","ZK11","Sold-to party 11"
"6","ZK12","Sold-to party 12"
"6","ZK13","Sold-to party 13"
"6","ZK14","Sold-to party 14"
"6","ZK15","Sold-to party 15"
"6","ZK16","Sold-to party 16"
"6","ZK17","Sold-to party 17"
"6","ZK18","Sold-to party 18"
"6","ZK19","Sold-to party 19"
"6","ZK20","Sold-to party 20"
"6","ZK21","Sold-to party 21"
"6","ZK22","Sold-to party 22"
"6","ZK23","Sold-to party 23"
"6","ZK24","Sold-to party 24"
"6","ZK25","Sold-to party 25"
"6","ZK26","Sold-to party 26"
"6","ZK27","Sold-to party 27"
"6","ZK28","Sold-to party 28"
"6","ZK29","Sold-to party 29"
"6","ZK30","Sold-to party 30"
"6","ZMDM","Customers - MDM only !"
"6","ZMX1","Domestic customers (Mexico)"
"6","ZPHH","Hospitals - Pharma Clin Trials"
"6","ZPOS","POS / Outlet"
"6","ZSP1","Sold-to party"
"A","0001","موكِّل"
"A","0002","مستلم البضائع"
"A","0003","دافع"
"A","0004","مستلِم الفاتورة"
"A","0005","زبون محتمل"
"A","0006","منافس"
"A","0007","شركاء المبيعات"
"A","0012","عقدة الهرمية"
"A","0100","مركز التوزيع"
"A","0110","فرع بدون إعدادفواتير بين شركات"
"A","0120","فرع مع إعداد فواتير بين شركات"
"A","0130","فرع مع إعداد فواتير خارجي"
"A","0140","تصنيف (قديم، لا تستعمل"
"A","0150","صاحب الامتياز"
"A","0160","زبون البيع بالجملة"
"A","0170","مستهلك"
"A","CPD","زبون مرةواحدة(تعيين رقم داخلي)"
"A","CPDA","زبون مرةواحدة(تعيين رقم خارجي)"
"A","DEBI","الزبون(عامّ)"
"A","KUNA","الزبون (تعيين رقم خارجي)"
"A","VVD","زبون TR-LO"
"B","0001","שותף מזמין"
"B","0002","מקבל טובין"
"B","0003","משלם"
"B","0004","לקוח מקבל ח-ן"
"B","0005","לקוח עתידי"
"B","0006","מתחרה"
"B","0007","שותפים למכירות"
"B","0012","צומת היררכיה"
"B","0100","מרכז הפצה"
"B","0110","ענף בלי חיובים פנים חברתיים"
"B","0120","ענף עם חיובים פנים חברתיים"
"B","0130","ענף עם חיובים חיצוניים"
"B","0140","מבחר -מיושן\, אין להשתמש"
"B","0150","מקבל זיכיון"
"B","0160","לקוח סיטונאי"
"B","0170","צרכן"
"B","CPD","לקוח חד פעמי - הקצאת מס. פנימי"
"B","CPDA","לקוח חד פעמי - הקצאת מס.חיצוני"
"B","DEBI","לקוח -כללי"
"B","KUNA","לקוח - הקצאת מספר פנימי"
"B","VVD","לקוח TR-LO"
"B","Z001","שותף מזמין"
"B","Z003","משלם"
"C","0001","Zadavat.zakázky"
"C","0002","Příjemce materiálu"
"C","0003","Plátce"
"C","0004","Příjemce faktury"
"C","0005","Zájemce"
"C","0006","Konkurence"
"C","0007","Odbytový partner"
"C","0012","Uzel hierarchie"
"C","0100","Distribuční středisko"
"C","0110","Pobočka bez inter.zúčtování"
"C","0120","Pobočka s interním zúčtováním"
"C","0130","Pobočka s externím zúčtováním"
"C","0140","Sortim.\, zastar.\, nepoužív."
"C","0150","Klient"
"C","0160","Velkoobchodník"
"C","0170","Spotřebitel"
"C","3500","Zadavat.zakázky"
"C","CPB1","Zadavat.zakázky"
"C","CPB2","Zadavat.zakázky"
"C","CPD","CPD-odběratelé (int.přid.čís.)"
"C","CPDA","CPD-odběratelé (int.přid.čís.)"
"C","DEBI","Odběratel obecně"
"C","J100","CPD-odběratelé (int.přid.čís.)"
"C","KUNA","Odběratel obecně"
"C","T100","Zadavat.zakázky"
"C","TM1","Zadavat.zakázky"
"C","TM2","CPD-odběratelé (int.přid.čís.)"
"C","VVD","Odběratel TR-LO"
"C","Z001","Zadavat.zakázky"
"C","Z003","Plátce"
"C","Z100","Zadavat.zakázky"
"C","ZFSC","Zadavat.zakázky"
"C","ZK01","Zadavat.zakázky"
"C","ZK02","Zadavat.zakázky"
"C","ZK03","Zadavat.zakázky"
"C","ZK04","Zadavat.zakázky"
"C","ZK05","Zadavat.zakázky"
"C","ZK06","Zadavat.zakázky"
"C","ZK07","Zadavat.zakázky"
"C","ZK08","Zadavat.zakázky"
"C","ZK09","Zadavat.zakázky"
"C","ZK10","Zadavat.zakázky"
"C","ZK11","Zadavat.zakázky"
"C","ZK12","Zadavat.zakázky"
"C","ZK13","Zadavat.zakázky"
